﻿{"cameraMode":{"drawMode":0,"name":"Shaded","section":"Shading Mode"},"sceneLighting":true,"audioPlay":false,"sceneViewState":{"showFog":true,"showMaterialUpdate":false,"showSkybox":true,"showFlares":true,"showImageEffects":true,"showParticleSystems":true},"in2DMode":false,"pivot":{"x":-0.9622716903686523,"y":-1.1937718391418458,"z":20.2450008392334},"rotation":{"x":0.055157244205474856,"y":0.10613514482975006,"z":-0.005896558985114098,"w":0.9928032755851746},"size":28.209388732910158,"orthographic":false}